id,name,username,email,password,dob,no_of_companies,status,created_at,updated_at
1,Joellyn Stockoe,jstockoe0,jstockoe0@netscape.com,otTMaP,2022-08-29,5,disabled,2023-05-02,2023-06-15 05:30:00+05:30
2,Nonah Putley,nputley1,nputley1@thetimes.co.uk,90MY8kWY,2022-11-28,9,active,2021-06-29,2023-08-23 05:30:00+05:30
3,Sharla Bleakley,sbleakley2,sbleakley2@blogtalkradio.com,CUczizb,2022-10-01,3,inactive,2022-01-16,2023-06-26 05:30:00+05:30
4,Justen Keeri,jkeeri3,jkeeri3@ed.gov,DgDwm7vOSG,2023-04-18,3,active,2021-10-21,2023-08-08 05:30:00+05:30
5,Sonnnie Graalmans,sgraalmans4,sgraalmans4@stumbleupon.com,8GN3RRM9m,2022-06-25,6,active,2021-11-26,2023-09-26 05:30:00+05:30
6,Della Worsley,dworsley5,dworsley5@studiopress.com,XibyCQ1As1C,2023-02-05,9,active,2021-01-08,2023-05-31 05:30:00+05:30
7,Terry Foltin,tfoltin6,tfoltin6@seesaa.net,dxvJBoU8NKR,2023-03-10,5,active,2021-07-12,2023-09-19 05:30:00+05:30
8,Ingmar Giorgio,igiorgio7,igiorgio7@army.mil,bSrZ6e,2023-05-08,2,inactive,2022-04-01,2023-05-29 05:30:00+05:30
9,Kit Mafham,kmafham8,kmafham8@dedecms.com,3TBG1v,2022-12-02,9,active,2022-05-06,2023-09-20 05:30:00+05:30
10,Clayborn Gresham,cgresham9,cgresham9@squarespace.com,RZoWvwi,2022-11-27,8,inactive,2021-10-21,2023-09-29 05:30:00+05:30
11,Loella Gonsalo,lgonsaloa,lgonsaloa@jigsy.com,Z4usUVcAy,2023-05-07,3,active,2022-04-14,2023-09-12 05:30:00+05:30
12,Bendick Blankau,bblankaub,bblankaub@microsoft.com,M0nXgspx,2022-08-23,6,disabled,2021-08-10,2023-07-30 05:30:00+05:30
13,Karola OGormally,kogormallyc,kogormallyc@eventbrite.com,9ICfuz6x,2022-10-02,7,disabled,2022-08-23,2023-07-01 05:30:00+05:30
14,Wenona Haysey,whayseyd,whayseyd@wsj.com,CGmLkyeZd,2022-07-11,2,active,2021-08-05,2023-07-26 05:30:00+05:30
15,Maggi Cranna,mcrannae,mcrannae@bravesites.com,Zkvcy7q,2022-11-19,8,disabled,2022-01-31,2023-06-28 05:30:00+05:30
16,Klara Allcock,kallcockf,kallcockf@bloglines.com,u5d2uhDKvU5A,2022-07-26,8,disabled,2023-02-22,2023-06-22 05:30:00+05:30
17,Karol Whimpenny,kwhimpennyg,kwhimpennyg@amazon.co.uk,CZ6pcKDPl,2023-03-30,1,inactive,2022-01-24,2023-07-05 05:30:00+05:30
18,Emogene Blaiklock,eblaiklockh,eblaiklockh@umich.edu,zC6J985oA,2022-06-24,8,active,2022-03-18,2023-07-06 05:30:00+05:30
19,Lauren Tomini,ltominii,ltominii@so-net.ne.jp,7MSHVsDH0N,2022-09-20,5,active,2022-12-15,2023-08-22 05:30:00+05:30
20,Annemarie Jonin,ajoninj,ajoninj@nsw.gov.au,uDniuu5Z,2022-11-03,7,disabled,2022-03-16,2023-08-18 05:30:00+05:30
21,Godwin Schmidt,gschmidtk,gschmidtk@imgur.com,UBaaKbTAiL,2023-01-10,8,disabled,2022-05-23,2023-08-23 05:30:00+05:30
22,Rurik Gosdin,rgosdinl,rgosdinl@upenn.edu,CtFjcmLqp,2022-07-03,1,disabled,2023-03-09,2023-07-09 05:30:00+05:30
23,Kincaid Perkin,kperkinm,kperkinm@cargocollective.com,PfVJWl,2022-07-10,6,inactive,2022-07-02,2023-06-17 05:30:00+05:30
24,Hanson Tunney,htunneyn,htunneyn@columbia.edu,3vLEfU,2023-03-26,8,disabled,2021-01-29,2023-09-07 05:30:00+05:30
25,Timmy Cooch,tcoocho,tcoocho@addthis.com,FlKe8fLSgk,2023-02-19,6,disabled,2022-02-04,2023-10-04 05:30:00+05:30
26,Tracee Guirardin,tguirardinp,tguirardinp@buzzfeed.com,R8JvOWEsSJ2,2023-03-09,10,active,2021-11-13,2023-06-05 05:30:00+05:30
27,Alick Houseago,ahouseagoq,ahouseagoq@microsoft.com,j6ljG8vC,2022-07-24,8,inactive,2021-01-30,2023-05-31 05:30:00+05:30
28,Lorette Ligoe,lligoer,lligoer@google.nl,ywTW5S,2022-11-19,2,inactive,2023-01-14,2023-06-21 05:30:00+05:30
29,Clywd Glassborow,cglassborows,cglassborows@abc.net.au,4Gjnm9At,2023-03-08,7,active,2021-09-19,2023-08-13 05:30:00+05:30
30,Betta Buckenhill,bbuckenhillt,bbuckenhillt@tinyurl.com,m3jMRsSy,2022-12-28,1,disabled,2021-09-17,2023-07-23 05:30:00+05:30
31,Hyacinthia Congrave,hcongraveu,hcongraveu@wp.com,mBEV9g,2022-06-29,6,inactive,2023-01-13,2023-05-27 05:30:00+05:30
32,Rod Berthel,rberthelv,rberthelv@goodreads.com,ZdSvCmhpfe,2022-09-28,6,inactive,2021-04-08,2023-09-15 05:30:00+05:30
33,Tine Blakiston,tblakistonw,tblakistonw@nytimes.com,QRQAwuCN,2022-10-29,8,inactive,2021-01-16,2023-08-11 05:30:00+05:30
34,Kara Bakewell,kbakewellx,kbakewellx@storify.com,LVp4T1,2022-06-16,6,active,2021-05-01,2023-10-06 05:30:00+05:30
35,Roshelle Mathew,rmathewy,rmathewy@usgs.gov,8NZMTejdfdrh,2023-02-17,2,disabled,2022-10-25,2023-08-04 05:30:00+05:30
36,Rosalind Nelson,rnelsonz,rnelsonz@merriam-webster.com,dcaKJui2P,2023-04-04,1,inactive,2022-09-23,2023-09-19 05:30:00+05:30
37,Sig Arnet,sarnet10,sarnet10@dedecms.com,cZulvSeyAdtI,2022-09-26,4,disabled,2021-06-02,2023-06-10 05:30:00+05:30
38,Ingaberg Feldhuhn,ifeldhuhn11,ifeldhuhn11@artisteer.com,ONAUNAtdPf,2023-03-01,10,active,2021-02-07,2023-06-29 05:30:00+05:30
39,Tabb Skace,tskace12,tskace12@washingtonpost.com,JvLaCIl4IM2,2022-08-25,1,inactive,2023-05-10,2023-06-28 05:30:00+05:30
40,Wynny Heinsius,wheinsius13,wheinsius13@list-manage.com,PPtg7V2s04,2022-06-21,2,active,2021-04-07,2023-06-03 05:30:00+05:30
41,Bartolemo Larsen,blarsen14,blarsen14@discovery.com,UBPbaj,2022-10-05,4,disabled,2021-11-15,2023-09-13 05:30:00+05:30
42,Revkah Stuffins,rstuffins15,rstuffins15@wiley.com,Msvm7YS,2022-07-06,8,disabled,2023-02-22,2023-08-30 05:30:00+05:30
43,Marlowe Belz,mbelz16,mbelz16@yolasite.com,ERxObnp,2023-03-27,5,inactive,2021-05-25,2023-06-27 05:30:00+05:30
44,Christan Shillitoe,cshillitoe17,cshillitoe17@oaic.gov.au,RCvtLlKrbZXI,2023-04-05,7,inactive,2023-05-11,2023-07-29 05:30:00+05:30
45,Manny Jenken,mjenken18,mjenken18@vimeo.com,1C8Ezyo8,2023-04-30,9,disabled,2021-06-22,2023-08-09 05:30:00+05:30
46,Denver Scurrell,dscurrell19,dscurrell19@exblog.jp,aZ74mm48U4,2022-12-24,2,inactive,2021-04-22,2023-06-01 05:30:00+05:30
47,Roch Guttridge,rguttridge1a,rguttridge1a@privacy.gov.au,iaV9XQ4H1iD,2023-02-09,8,active,2022-01-14,2023-06-29 05:30:00+05:30
48,Ileane Durant,idurant1b,idurant1b@japanpost.jp,X0GHQ3DEdt,2022-05-24,7,active,2022-09-26,2023-08-11 05:30:00+05:30
49,Emalia Nutten,enutten1c,enutten1c@goodreads.com,9Ni4NOj,2023-03-23,5,inactive,2023-02-16,2023-06-06 05:30:00+05:30
50,Carolina Kacheler,ckacheler1d,ckacheler1d@ucoz.ru,I5dwnX6om,2023-03-09,3,active,2021-03-05,2023-06-11 05:30:00+05:30
51,Fanya Newband,fnewband1e,fnewband1e@paginegialle.it,UvaHJhODIV5,2022-11-08,10,disabled,2022-09-16,2023-07-02 05:30:00+05:30
52,Donnie Balharrie,dbalharrie1f,dbalharrie1f@shop-pro.jp,5Qp7B6,2022-09-19,8,inactive,2021-08-05,2023-07-28 05:30:00+05:30
53,Alexine Boyen,aboyen1g,aboyen1g@mtv.com,g1EDLgmu0a,2022-06-10,3,inactive,2023-01-26,2023-08-11 05:30:00+05:30
54,Giuseppe Izzat,gizzat1h,gizzat1h@china.com.cn,jzJMYMZ,2022-08-23,10,disabled,2023-02-16,2023-07-15 05:30:00+05:30
55,Konstance Dafter,kdafter1i,kdafter1i@tripod.com,af2ZJcUwVc,2022-07-05,7,inactive,2021-11-18,2023-08-07 05:30:00+05:30
56,Carola Greystock,cgreystock1j,cgreystock1j@businesswire.com,rA0oZpl6SKx,2023-05-04,9,active,2021-09-17,2023-06-15 05:30:00+05:30
57,Base Courage,bcourage1k,bcourage1k@clickbank.net,LeumbA,2023-05-22,2,inactive,2021-10-11,2023-09-02 05:30:00+05:30
58,Mathian Figgures,mfiggures1l,mfiggures1l@unblog.fr,znFMPkEMFgJ,2022-12-05,5,inactive,2023-04-21,2023-08-28 05:30:00+05:30
59,Arv Posten,aposten1m,aposten1m@cisco.com,ByCwSlm,2023-03-16,6,active,2022-06-25,2023-10-02 05:30:00+05:30
60,Lanette Gallelli,lgallelli1n,lgallelli1n@seesaa.net,qxXboMF,2022-05-27,1,active,2022-10-09,2023-08-10 05:30:00+05:30
61,Chrissie McGillivray,cmcgillivray1o,cmcgillivray1o@addthis.com,BNUcj25cGJ,2023-02-14,7,inactive,2023-05-04,2023-08-31 05:30:00+05:30
62,Pooh Ranner,pranner1p,pranner1p@google.com.au,npRUODuVgVd,2022-11-17,2,active,2021-10-22,2023-06-05 05:30:00+05:30
63,Elvin Cawsby,ecawsby1q,ecawsby1q@bloglovin.com,jh4UHwA4liPg,2023-04-15,4,inactive,2021-12-17,2023-06-02 05:30:00+05:30
64,Dynah Caulcutt,dcaulcutt1r,dcaulcutt1r@phpbb.com,66wNymptAsY,2022-05-28,5,inactive,2022-02-10,2023-09-25 05:30:00+05:30
65,Iona Brotherhead,ibrotherhead1s,ibrotherhead1s@stanford.edu,TvCgVKXnDrj,2023-01-01,5,active,2022-07-10,2023-09-01 05:30:00+05:30
66,Kikelia Gheraldi,kgheraldi1t,kgheraldi1t@youtu.be,wZIfkZc,2022-08-07,1,active,2022-08-01,2023-09-27 05:30:00+05:30
67,Denys Taffarello,dtaffarello1u,dtaffarello1u@bbb.org,4KO1Ckvq6x,2022-07-14,9,disabled,2021-06-09,2023-10-01 05:30:00+05:30
68,Lyssa Halsey,lhalsey1v,lhalsey1v@webs.com,6xCpFvl,2023-04-27,6,disabled,2022-03-26,2023-09-06 05:30:00+05:30
69,Richardo Finney,rfinney1w,rfinney1w@gmpg.org,cAOPZn,2022-06-23,8,inactive,2021-06-23,2023-08-26 05:30:00+05:30
70,Mikol Newton,mnewton1x,mnewton1x@ustream.tv,GsyVORN,2022-10-30,9,active,2022-08-21,2023-07-10 05:30:00+05:30
71,Nathanil Cockrem,ncockrem1y,ncockrem1y@psu.edu,kYBPqE7B0Vs,2023-01-05,8,inactive,2022-12-13,2023-08-25 05:30:00+05:30
72,Nappy Banford,nbanford1z,nbanford1z@cbsnews.com,k2i4FQmU,2022-08-20,7,active,2022-09-17,2023-06-24 05:30:00+05:30
73,Grazia Galletley,ggalletley20,ggalletley20@fotki.com,j8rpk29x,2022-07-07,3,disabled,2023-02-09,2023-08-07 05:30:00+05:30
74,Ailsun Lisciandro,alisciandro21,alisciandro21@prnewswire.com,1gC24Xy4yMTG,2022-10-29,10,inactive,2023-04-24,2023-10-12 05:30:00+05:30
75,Bryan OHickey,bohickey22,bohickey22@earthlink.net,c6DCjCy4,2023-02-05,6,disabled,2021-10-26,2023-10-12 05:30:00+05:30
76,Jacky Sargerson,jsargerson23,jsargerson23@nhs.uk,7hNrA6V,2022-09-04,4,disabled,2021-09-29,2023-09-23 05:30:00+05:30
77,Cathlene Krinks,ckrinks24,ckrinks24@constantcontact.com,sRPGv0h,2023-03-14,4,inactive,2023-03-30,2023-08-27 05:30:00+05:30
78,Amby Willetts,awilletts25,awilletts25@topsy.com,hRkYGs3MhZ3,2022-11-11,5,active,2022-03-17,2023-06-22 05:30:00+05:30
79,Gar Woollard,gwoollard26,gwoollard26@bloglines.com,GueshPJ,2023-05-09,9,active,2022-11-02,2023-09-05 05:30:00+05:30
80,Franciskus Eddowis,feddowis27,feddowis27@un.org,SuQOcdtg,2022-06-23,3,active,2022-05-24,2023-05-27 05:30:00+05:30
81,Kata Gunton,kgunton28,kgunton28@forbes.com,a9nzFs7,2022-12-08,4,inactive,2023-03-11,2023-08-18 05:30:00+05:30
82,Elliot Manna,emanna29,emanna29@godaddy.com,TGbVewnc0,2023-01-31,7,disabled,2022-04-30,2023-10-04 05:30:00+05:30
83,Seka Spavins,sspavins2a,sspavins2a@cocolog-nifty.com,IfuBjAqjX,2023-01-30,2,disabled,2023-04-25,2023-07-10 05:30:00+05:30
84,Michaelina Mitchely,mmitchely2b,mmitchely2b@pen.io,LsaEgyo3i,2022-10-16,4,active,2022-07-31,2023-05-24 05:30:00+05:30
85,Shamus Westcarr,swestcarr2c,swestcarr2c@marketwatch.com,dFKkHbDS7,2022-09-19,10,inactive,2022-12-10,2023-07-21 05:30:00+05:30
86,Ches Campe,ccampe2d,ccampe2d@csmonitor.com,ZNUyuOpc,2022-09-18,5,disabled,2022-03-26,2023-08-27 05:30:00+05:30
87,Halsey Pyne,hpyne2e,hpyne2e@wired.com,gpwEln5DvTIU,2023-03-09,2,active,2023-01-06,2023-08-28 05:30:00+05:30
88,Addie Dellenbrok,adellenbrok2f,adellenbrok2f@livejournal.com,W4j9Yr,2023-01-27,1,inactive,2021-02-19,2023-07-01 05:30:00+05:30
89,Rosanna Landell,rlandell2g,rlandell2g@weebly.com,IRmDIc,2022-12-03,6,inactive,2022-03-22,2023-09-27 05:30:00+05:30
90,Maisey Izzett,mizzett2h,mizzett2h@fc2.com,M7eQb6vkf7S,2022-07-28,6,inactive,2021-02-14,2023-08-25 05:30:00+05:30
91,Ali Popplewell,apopplewell2i,apopplewell2i@stumbleupon.com,UqweIzYHI,2022-10-06,4,inactive,2023-02-14,2023-10-03 05:30:00+05:30
92,Griffin Brane,gbrane2j,gbrane2j@time.com,pu8IVA,2022-06-27,2,disabled,2023-01-19,2023-06-22 05:30:00+05:30
93,Berky Sabati,bsabati2k,bsabati2k@umich.edu,MKoJZUyoPs1t,2022-10-07,9,active,2021-06-08,2023-09-02 05:30:00+05:30
94,Ddene Pollett,dpollett2l,dpollett2l@shutterfly.com,qnD1O9IFM2a,2023-01-13,8,active,2021-09-16,2023-08-13 05:30:00+05:30
95,Tuck Pendrid,tpendrid2m,tpendrid2m@hatena.ne.jp,peBvU6a9eNs,2023-02-14,9,disabled,2022-04-05,2023-08-25 05:30:00+05:30
96,Rochester Retallack,rretallack2n,rretallack2n@gnu.org,YP6TW5gPQ,2023-03-23,1,active,2022-07-15,2023-07-21 05:30:00+05:30
97,Ronica Butte,rbutte2o,rbutte2o@themeforest.net,kxe73Utu,2023-02-11,6,inactive,2021-09-07,2023-07-19 05:30:00+05:30
98,Jareb Sivess,jsivess2p,jsivess2p@t-online.de,XhFKa4IEMLL,2023-02-03,3,disabled,2022-10-19,2023-09-21 05:30:00+05:30
99,Desmond Bruhn,dbruhn2q,dbruhn2q@xing.com,jJFoHvnB9O,2022-06-02,2,active,2021-08-20,2023-09-14 05:30:00+05:30
100,Jameson Layton,jlayton2r,jlayton2r@4shared.com,Qeccjo,2022-10-05,6,disabled,2021-02-16,2023-08-14 05:30:00+05:30
101,Jenifer Freda,jfreda2s,jfreda2s@ftc.gov,escvaskl4tv,2022-08-19,9,disabled,2022-09-08,2023-07-24 05:30:00+05:30
102,Mort Ebanks,mebanks2t,mebanks2t@archive.org,kpndFSz,2023-05-06,4,disabled,2021-09-14,2023-06-25 05:30:00+05:30
103,Ainslie Duval,aduval2u,aduval2u@netlog.com,JUyjBkuvw0S6,2023-04-22,9,inactive,2022-02-05,2023-05-27 05:30:00+05:30
104,Monty Lazonby,mlazonby2v,mlazonby2v@slideshare.net,coXnoPE,2022-10-08,6,inactive,2023-05-20,2023-06-24 05:30:00+05:30
105,Rois Hallut,rhallut2w,rhallut2w@utexas.edu,lfPEWwq,2022-12-29,1,active,2023-04-12,2023-06-16 05:30:00+05:30
106,Ilario Lilford,ililford2x,ililford2x@sphinn.com,hPndXPE0h3VM,2022-09-16,9,active,2021-02-22,2023-08-23 05:30:00+05:30
107,Cull Panks,cpanks2y,cpanks2y@patch.com,vloqmdp,2023-01-09,4,active,2021-02-15,2023-06-26 05:30:00+05:30
108,Iago Fritz,ifritz2z,ifritz2z@ucoz.com,3uHPKR6P7TS8,2023-02-08,6,active,2022-09-29,2023-08-17 05:30:00+05:30
109,Rana Akett,rakett30,rakett30@marriott.com,BxiUsnccf,2022-07-05,4,active,2023-01-28,2023-09-14 05:30:00+05:30
110,Sanson Pursey,spursey31,spursey31@yahoo.com,4kn07UH,2023-03-28,1,inactive,2021-06-03,2023-09-06 05:30:00+05:30
111,Nara Vanderson,nvanderson32,nvanderson32@phpbb.com,qIpNeO,2023-05-05,10,disabled,2022-08-30,2023-06-18 05:30:00+05:30
112,Hilliary Jimson,hjimson33,hjimson33@va.gov,PgJQMyFZdSK,2022-10-23,6,active,2022-12-25,2023-08-28 05:30:00+05:30
113,Hymie Buchanan,hbuchanan34,hbuchanan34@theguardian.com,fn259qzJS,2022-11-17,10,inactive,2021-01-14,2023-06-26 05:30:00+05:30
114,Judon Harrell,jharrell35,jharrell35@ning.com,4jYkJx1E5wY,2022-10-04,4,disabled,2023-03-07,2023-08-05 05:30:00+05:30
115,Selia Brychan,sbrychan36,sbrychan36@deliciousdays.com,2YBDXx9uwhhH,2023-04-28,6,inactive,2022-03-30,2023-09-05 05:30:00+05:30
116,Brigit Fayerbrother,bfayerbrother37,bfayerbrother37@is.gd,hS99WkXU,2023-03-27,2,disabled,2022-10-08,2023-08-23 05:30:00+05:30
117,Freeman Clancy,fclancy38,fclancy38@163.com,EGdPp6pG,2023-01-29,7,active,2022-01-15,2023-08-12 05:30:00+05:30
118,Lindsey Mundford,lmundford39,lmundford39@clickbank.net,HkltIlSuaXz,2022-06-02,10,disabled,2022-11-05,2023-09-02 05:30:00+05:30
119,Alfred Notman,anotman3a,anotman3a@alibaba.com,589Qf5s,2022-12-31,5,disabled,2021-12-13,2023-08-15 05:30:00+05:30
120,Fonz Simioni,fsimioni3b,fsimioni3b@kickstarter.com,bVRmvqrJ,2022-06-10,3,disabled,2021-03-18,2023-07-23 05:30:00+05:30
121,Vivian Dabell,vdabell3c,vdabell3c@toplist.cz,f57F4rYbJo,2023-01-13,4,disabled,2022-09-01,2023-08-04 05:30:00+05:30
122,Cam Cahani,ccahani3d,ccahani3d@smugmug.com,jahZzTYY,2022-08-28,5,inactive,2021-07-26,2023-08-01 05:30:00+05:30
123,Bryna Reichardt,breichardt3e,breichardt3e@icq.com,7hnXSLM,2022-06-12,5,disabled,2023-02-27,2023-06-01 05:30:00+05:30
124,Donny Waszczykowski,dwaszczykowski3f,dwaszczykowski3f@hubpages.com,6VOPOIGm7,2022-12-26,1,active,2023-03-04,2023-06-11 05:30:00+05:30
125,Dominik Letteresse,dletteresse3g,dletteresse3g@unc.edu,TYlV3M,2023-05-18,4,active,2022-11-21,2023-06-02 05:30:00+05:30
126,Kiele todor,ktodor3h,ktodor3h@mozilla.com,RjiON3C,2023-05-19,10,inactive,2022-05-12,2023-06-17 05:30:00+05:30
127,Jeffry Shortt,jshortt3i,jshortt3i@clickbank.net,kKvgbQejQ,2022-12-05,2,active,2022-07-20,2023-06-05 05:30:00+05:30
128,Sean Dennington,sdennington3j,sdennington3j@usnews.com,0ipnngqQtMik,2022-07-06,5,disabled,2021-01-30,2023-08-28 05:30:00+05:30
129,Minette Kunkler,mkunkler3k,mkunkler3k@myspace.com,Mo3HtL2,2023-01-09,3,inactive,2022-09-10,2023-06-27 05:30:00+05:30
130,Sonnnie Rearie,srearie3l,srearie3l@vistaprint.com,OeQOWLKTrPYj,2022-07-22,2,disabled,2022-12-07,2023-07-06 05:30:00+05:30
131,Si Peggram,speggram3m,speggram3m@hexun.com,vVdukM,2022-10-04,9,disabled,2022-11-20,2023-08-01 05:30:00+05:30
132,Blancha Ferras,bferras3n,bferras3n@vistaprint.com,zN9A65MDrrC,2023-03-28,2,active,2021-06-12,2023-07-27 05:30:00+05:30
133,Ly Treverton,ltreverton3o,ltreverton3o@yandex.ru,YwrTr8,2023-03-09,5,active,2022-10-29,2023-09-29 05:30:00+05:30
134,Eilis Hannabuss,ehannabuss3p,ehannabuss3p@myspace.com,DnQEeN720vkq,2023-01-25,1,disabled,2022-01-16,2023-06-05 05:30:00+05:30
